Record no,Number,Length (µm),Area (µm^2),Comments,Shape,Type,Sample,Slide,host,pop
1,1,1085.85,56996.04,0,Polygon,+,10D,1,C57BL/6,LE
2,2,1489.96,81424.19,0,Polygon,+,10D,1,C57BL/6,LE
3,3,1599.59,88085.01,0,Polygon,+,10D,1,C57BL/6,LE
4,4,1087.64,55505.74,0,Polygon,+,10D,1,C57BL/6,LE
5,5,1200.09,59469,0,Polygon,+,10D,1,C57BL/6,LE
6,6,1074.08,55907.11,0,Polygon,+,10D,1,C57BL/6,LE
7,7,1776.45,125710.45,0,Polygon,+,10D,1,C57BL/6,LE
8,8,1671,117929.32,0,Polygon,+,10D,1,C57BL/6,LE
9,9,1380.28,74574.79,0,Polygon,+,10D,1,C57BL/6,LE
10,10,1759.19,106877.15,0,Polygon,+,10D,1,C57BL/6,LE
11,11,2347.21,168057.24,0,Polygon,+,10D,1,C57BL/6,LE
12,12,1077.64,53473.02,0,Polygon,+,10D,1,C57BL/6,LE
13,13,1994.37,124877.59,0,Polygon,+,10D,1,C57BL/6,LE
14,14,2314.57,158743.54,0,Polygon,+,10D,1,C57BL/6,LE
15,15,1446.57,91639.84,0,Polygon,+,10D,1,C57BL/6,LE
16,16,1142.65,55080.09,0,Polygon,+,10D,1,C57BL/6,LE
17,17,2190.23,120192.26,0,Polygon,+,10D,1,C57BL/6,LE
18,18,2188.38,126201.52,0,Polygon,+,10D,1,C57BL/6,LE
19,19,1821.82,122818.44,0,Polygon,+,10D,1,C57BL/6,LE
20,20,2039.89,162755.17,0,Polygon,+,10D,1,C57BL/6,LE
21,1,1576.27,89176.02,0,Polygon,+,10D,3,C57BL/6,LE
22,2,2189.35,160981.38,0,Polygon,+,10D,3,C57BL/6,LE
23,3,1809.65,142023.5,0,Polygon,+,10D,3,C57BL/6,LE
24,4,2178.67,168487.81,0,Polygon,+,10D,3,C57BL/6,LE
25,5,1121.11,58250.5,0,Polygon,+,10D,3,C57BL/6,LE
26,6,1522.53,91079.7,0,Polygon,+,10D,3,C57BL/6,LE
27,7,1418.15,92515.79,0,Polygon,+,10D,3,C57BL/6,LE
28,8,1820.97,129307.28,0,Polygon,+,10D,3,C57BL/6,LE
29,9,1149.49,63050.42,0,Polygon,+,10D,3,C57BL/6,LE
30,10,1357.92,86762.82,0,Polygon,+,10D,3,C57BL/6,LE
31,11,990.14,49487.12,0,Polygon,+,10D,3,C57BL/6,LE
32,12,1572.03,106756.89,0,Polygon,+,10D,3,C57BL/6,LE
33,13,1440.41,96926.74,0,Polygon,+,10D,3,C57BL/6,LE
34,14,1824.19,120240.92,0,Polygon,+,10D,3,C57BL/6,LE
35,15,1960.6,128713.09,0,Polygon,+,10D,3,C57BL/6,LE
36,16,1690.48,107482.04,0,Polygon,+,10D,3,C57BL/6,LE
37,17,1053.78,44798.22,0,Polygon,+,10D,3,C57BL/6,LE
38,18,1590.68,82258.56,0,Polygon,+,10D,3,C57BL/6,LE
39,19,1703.32,86707.76,0,Polygon,+,10D,3,C57BL/6,LE
40,20,1618.42,95467.47,0,Polygon,+,10D,3,C57BL/6,LE
41,1,1752.95,147195.59,0,Polygon,+,10F,1,C57BL/6,OR
42,2,1564.78,103993.85,0,Polygon,+,10F,1,C57BL/6,OR
43,3,1715.71,98447.52,0,Polygon,+,10F,1,C57BL/6,OR
44,4,1492.27,76288.97,0,Polygon,+,10F,1,C57BL/6,OR
45,5,1028.76,43016.9,0,Polygon,+,10F,1,C57BL/6,OR
46,6,1689.41,98443.06,0,Polygon,+,10F,1,C57BL/6,OR
47,7,1516.58,79683.79,0,Polygon,+,10F,1,C57BL/6,OR
48,8,1371.28,57774.47,0,Polygon,+,10F,1,C57BL/6,OR
49,9,1958.45,122989.08,0,Polygon,+,10F,1,C57BL/6,OR
50,10,1568.41,82472.82,0,Polygon,+,10F,1,C57BL/6,OR
51,11,1420.08,58838.44,0,Polygon,+,10F,1,C57BL/6,OR
52,12,1693.82,100708.07,0,Polygon,+,10F,1,C57BL/6,OR
53,13,1889.77,110934.62,0,Polygon,+,10F,1,C57BL/6,OR
54,1,1054.96,60738.41,0,Polygon,+,10F,3,C57BL/6,OR
55,2,1143.47,62775.54,0,Polygon,+,10F,3,C57BL/6,OR
56,3,1429.27,77747.75,0,Polygon,+,10F,3,C57BL/6,OR
57,4,1188.65,54171.7,0,Polygon,+,10F,3,C57BL/6,OR
58,5,885.14,35570.44,0,Polygon,+,10F,3,C57BL/6,OR
59,6,1770.74,90516.85,0,Polygon,+,10F,3,C57BL/6,OR
60,7,1649.5,93105.76,0,Polygon,+,10F,3,C57BL/6,OR
61,8,1855.02,126381.78,0,Polygon,+,10F,3,C57BL/6,OR
62,9,1398.86,76788.07,0,Polygon,+,10F,3,C57BL/6,OR
63,10,1812.61,156530.01,0,Polygon,+,10F,3,C57BL/6,OR
64,11,1031.32,46217.23,0,Polygon,+,10F,3,C57BL/6,OR
65,12,1704.26,97456.64,0,Polygon,+,10F,3,C57BL/6,OR
66,13,1872.64,102212.41,0,Polygon,+,10F,3,C57BL/6,OR
67,14,1979,141499.1,0,Polygon,+,10F,3,C57BL/6,OR
68,1,1073.11,67099.19,0,Polygon,+,10G,1,C57BL/6,BRE
69,2,1012.59,52069.08,0,Polygon,+,10G,1,C57BL/6,BRE
70,3,1407.51,63566.99,0,Polygon,+,10G,1,C57BL/6,BRE
71,4,1023.03,44438.28,0,Polygon,+,10G,1,C57BL/6,BRE
72,5,1413.61,76037.86,0,Polygon,+,10G,1,C57BL/6,BRE
73,6,1608.55,74083.3,0,Polygon,+,10G,1,C57BL/6,BRE
74,7,862.73,32825.92,0,Polygon,+,10G,1,C57BL/6,BRE
75,8,1787.79,144174.06,0,Polygon,+,10G,1,C57BL/6,BRE
76,9,1194.13,74524.31,0,Polygon,+,10G,1,C57BL/6,BRE
77,10,894.41,42663.98,0,Polygon,+,10G,1,C57BL/6,BRE
78,11,705.62,22878.4,0,Polygon,+,10G,1,C57BL/6,BRE
79,12,870.24,33337.03,0,Polygon,+,10G,1,C57BL/6,BRE
80,13,1511.21,99469.61,0,Polygon,+,10G,1,C57BL/6,BRE
81,14,1473.46,134193.68,0,Polygon,+,10G,1,C57BL/6,BRE
82,15,1541.14,116240.89,0,Polygon,+,10G,1,C57BL/6,BRE
83,1,1129.64,58211.14,0,Polygon,+,10G,3,C57BL/6,BRE
84,2,1370.9,60892.48,0,Polygon,+,10G,3,C57BL/6,BRE
85,3,1273.69,61993.32,0,Polygon,+,10G,3,C57BL/6,BRE
86,4,966.42,29934.09,0,Polygon,+,10G,3,C57BL/6,BRE
87,5,1665.41,90601.76,0,Polygon,+,10G,3,C57BL/6,BRE
88,6,1591.51,106318.86,0,Polygon,+,10G,3,C57BL/6,BRE
89,7,1589.21,103199.09,0,Polygon,+,10G,3,C57BL/6,BRE
90,8,1405.94,91194.14,0,Polygon,+,10G,3,C57BL/6,BRE
91,9,1314.07,78861.52,0,Polygon,+,10G,3,C57BL/6,BRE
92,10,1296.34,80907.55,0,Polygon,+,10G,3,C57BL/6,BRE
93,11,1685.6,108837.62,0,Polygon,+,10G,3,C57BL/6,BRE
94,12,1428.39,110621.35,0,Polygon,+,10G,3,C57BL/6,BRE
95,1,1178.81,50919.52,0,Polygon,+,1D,1,BALB/c,LE
96,2,845.63,25489.08,0,Polygon,+,1D,1,BALB/c,LE
97,3,548.02,12203.87,0,Polygon,+,1D,1,BALB/c,LE
98,4,889.99,33482.66,0,Polygon,+,1D,1,BALB/c,LE
99,5,708.29,11656.73,0,Polygon,+,1D,1,BALB/c,LE
100,6,850.7,15422.73,0,Polygon,+,1D,1,BALB/c,LE
101,7,1662.84,98412.84,0,Polygon,+,1D,1,BALB/c,LE
102,8,1148.98,36341.49,0,Polygon,+,1D,1,BALB/c,LE
103,9,1029.41,27041.89,0,Polygon,+,1D,1,BALB/c,LE
104,10,1585.15,87107.54,0,Polygon,+,1D,1,BALB/c,LE
105,1,937.17,24853.44,0,Polygon,+,1D,3,BALB/c,LE
106,2,752.41,20491.9,0,Polygon,+,1D,3,BALB/c,LE
107,3,1070.41,35144.52,0,Polygon,+,1D,3,BALB/c,LE
108,4,772.84,24055.5,0,Polygon,+,1D,3,BALB/c,LE
109,5,1353.94,45668.93,0,Polygon,+,1D,3,BALB/c,LE
110,6,780.07,24062.86,0,Polygon,+,1D,3,BALB/c,LE
111,7,1477.14,66050.07,0,Polygon,+,1D,3,BALB/c,LE
112,8,1379.27,49941.3,0,Polygon,+,1D,3,BALB/c,LE
113,9,1827.75,104028.38,0,Polygon,+,1D,3,BALB/c,LE
114,10,2203.25,150497.42,0,Polygon,+,1D,3,BALB/c,LE
115,1,1688.92,73640.09,0,Polygon,+,1E,1,BALB/c,EG
116,2,1327.79,44325.45,0,Polygon,+,1E,1,BALB/c,EG
117,3,1460.06,49324.78,0,Polygon,+,1E,1,BALB/c,EG
118,4,1295.34,67074.59,0,Polygon,+,1E,1,BALB/c,EG
119,5,1094.79,30883.56,0,Polygon,+,1E,1,BALB/c,EG
120,6,1320.66,72302.17,0,Polygon,+,1E,1,BALB/c,EG
121,7,1421.97,83264.97,0,Polygon,+,1E,1,BALB/c,EG
122,8,1462.64,60779.88,0,Polygon,+,1E,1,BALB/c,EG
123,9,1202.68,44952.87,0,Polygon,+,1E,1,BALB/c,EG
124,10,1532.77,66393.01,0,Polygon,+,1E,1,BALB/c,EG
125,1,1249.95,42925.65,0,Polygon,+,1E,3,BALB/c,EG
126,2,1443.27,62606.49,0,Polygon,+,1E,3,BALB/c,EG
127,3,1299.09,42247.08,0,Polygon,+,1E,3,BALB/c,EG
128,4,1459.79,43104.56,0,Polygon,+,1E,3,BALB/c,EG
129,5,921.04,34511.48,0,Polygon,+,1E,3,BALB/c,EG
130,6,819.45,19965.9,0,Polygon,+,1E,3,BALB/c,EG
131,7,1535.83,92645.62,0,Polygon,+,1E,3,BALB/c,EG
132,8,1250.36,63433.8,0,Polygon,+,1E,3,BALB/c,EG
133,1,1601.21,115941.38,0,Polygon,+,1F,1,BALB/c,OR
134,2,1253.61,75308.29,0,Polygon,+,1F,1,BALB/c,OR
135,3,1607.42,96678.81,0,Polygon,+,1F,1,BALB/c,OR
136,4,1049.31,48671.91,0,Polygon,+,1F,1,BALB/c,OR
137,5,1005.44,49113.94,0,Polygon,+,1F,1,BALB/c,OR
138,6,1631.65,95606.93,0,Polygon,+,1F,1,BALB/c,OR
139,7,1042.09,48717.27,0,Polygon,+,1F,1,BALB/c,OR
140,8,1225.49,82655.28,0,Polygon,+,1F,1,BALB/c,OR
141,9,1645.29,110654.91,0,Polygon,+,1F,1,BALB/c,OR
142,10,990.47,54630.99,0,Polygon,+,1F,1,BALB/c,OR
143,11,1626.49,111103.67,0,Polygon,+,1F,1,BALB/c,OR
144,12,1626.5,120318.07,0,Polygon,+,1F,1,BALB/c,OR
145,13,1537.19,103633.31,0,Polygon,+,1F,1,BALB/c,OR
146,14,1035.57,40378.08,0,Polygon,+,1F,1,BALB/c,OR
147,1,1361.76,88365.83,0,Polygon,+,1F,3,BALB/c,OR
148,2,1703.34,117714.5,0,Polygon,+,1F,3,BALB/c,OR
149,3,1161.65,60459.35,0,Polygon,+,1F,3,BALB/c,OR
150,4,998.45,40389.12,0,Polygon,+,1F,3,BALB/c,OR
151,5,1036.92,46393.76,0,Polygon,+,1F,3,BALB/c,OR
152,6,1467.6,93383.1,0,Polygon,+,1F,3,BALB/c,OR
153,7,1531.85,91950.58,0,Polygon,+,1F,3,BALB/c,OR
154,8,860.47,25434.32,0,Polygon,+,1F,3,BALB/c,OR
155,9,1098.43,49110.18,0,Polygon,+,1F,3,BALB/c,OR
156,10,1242.72,58955.52,0,Polygon,+,1F,3,BALB/c,OR
157,11,1212.43,53557.86,0,Polygon,+,1F,3,BALB/c,OR
158,12,888.92,33390.62,0,Polygon,+,1F,3,BALB/c,OR
159,13,1272.74,61709.71,0,Polygon,+,1F,3,BALB/c,OR
160,1,1194.02,62992.52,0,Polygon,+,1G,1,BALB/c,BRE
161,2,1386.94,78313.56,0,Polygon,+,1G,1,BALB/c,BRE
162,3,1009.57,34917.5,0,Polygon,+,1G,1,BALB/c,BRE
163,4,1568.39,87720.06,0,Polygon,+,1G,1,BALB/c,BRE
164,5,719.19,18256.01,0,Polygon,+,1G,1,BALB/c,BRE
165,6,1453.19,83311.68,0,Polygon,+,1G,1,BALB/c,BRE
166,7,1694.35,94314.52,0,Polygon,+,1G,1,BALB/c,BRE
167,8,1510.7,82279.33,0,Polygon,+,1G,1,BALB/c,BRE
168,9,1224.5,54475.65,0,Polygon,+,1G,1,BALB/c,BRE
169,10,1912,115781.23,0,Polygon,+,1G,1,BALB/c,BRE
170,11,1151.25,53463.64,0,Polygon,+,1G,1,BALB/c,BRE
171,12,1125.42,57518.51,0,Polygon,+,1G,1,BALB/c,BRE
172,13,1355.26,66865.93,0,Polygon,+,1G,1,BALB/c,BRE
173,14,1453.88,87692.81,0,Polygon,+,1G,1,BALB/c,BRE
174,1,1304.53,66407.99,0,Polygon,+,1G,3,BALB/c,BRE
175,2,650.88,15138.56,0,Polygon,+,1G,3,BALB/c,BRE
176,3,1269.94,58881.22,0,Polygon,+,1G,3,BALB/c,BRE
177,4,1208.93,60266.14,0,Polygon,+,1G,3,BALB/c,BRE
178,5,1027.51,46730.11,0,Polygon,+,1G,3,BALB/c,BRE
179,6,1677.8,102886.49,0,Polygon,+,1G,3,BALB/c,BRE
180,7,1409.58,70575.93,0,Polygon,+,1G,3,BALB/c,BRE
181,8,1178.17,64063.87,0,Polygon,+,1G,3,BALB/c,BRE
182,9,1321,66397.88,0,Polygon,+,1G,3,BALB/c,BRE
183,10,1013.4,47468.68,0,Polygon,+,1G,3,BALB/c,BRE
184,11,1666.81,106872.56,0,Polygon,+,1G,3,BALB/c,BRE
185,12,1592.34,88266.64,0,Polygon,+,1G,3,BALB/c,BRE
186,13,1535.73,83730.2,0,Polygon,+,1G,3,BALB/c,BRE
187,14,1372.02,75459.99,0,Polygon,+,1G,3,BALB/c,BRE
188,1,1456.46,91786.33,0,Polygon,+,2E,1,C57BL/6,EG
189,2,1276.86,61094.08,0,Polygon,+,2E,1,C57BL/6,EG
190,3,1003.03,48117.51,0,Polygon,+,2E,1,C57BL/6,EG
191,4,1244.7,72675.66,0,Polygon,+,2E,1,C57BL/6,EG
192,5,1393.58,78553.98,0,Polygon,+,2E,1,C57BL/6,EG
193,6,1160.41,55685.97,0,Polygon,+,2E,1,C57BL/6,EG
194,7,1660.81,101319.75,0,Polygon,+,2E,1,C57BL/6,EG
195,8,1324.56,88477.6,0,Polygon,+,2E,1,C57BL/6,EG
196,9,1217.13,59074.98,0,Polygon,+,2E,1,C57BL/6,EG
197,10,1245.21,75619.42,0,Polygon,+,2E,1,C57BL/6,EG
198,11,964.87,35664.77,0,Polygon,+,2E,1,C57BL/6,EG
199,12,1555.64,75188.73,0,Polygon,+,2E,1,C57BL/6,EG
200,13,1482.49,61672.71,0,Polygon,+,2E,1,C57BL/6,EG
201,14,1718.7,101561.5,0,Polygon,+,2E,1,C57BL/6,EG
202,1,1018.62,54147.83,0,Polygon,+,2E,3,C57BL/6,EG
203,2,1627.09,123930.55,0,Polygon,+,2E,3,C57BL/6,EG
204,3,1533.04,84815.61,0,Polygon,+,2E,3,C57BL/6,EG
205,4,1371.06,74403.64,0,Polygon,+,2E,3,C57BL/6,EG
206,5,1111.54,62767.26,0,Polygon,+,2E,3,C57BL/6,EG
207,6,924.58,42243.34,0,Polygon,+,2E,3,C57BL/6,EG
208,7,1603.5,81291.15,0,Polygon,+,2E,3,C57BL/6,EG
209,8,1286.7,64070.51,0,Polygon,+,2E,3,C57BL/6,EG
210,9,1262.67,64535.51,0,Polygon,+,2E,3,C57BL/6,EG
211,10,1321.07,76625.68,0,Polygon,+,2E,3,C57BL/6,EG
212,11,1346.39,68579.03,0,Polygon,+,2E,3,C57BL/6,EG
213,12,1389.86,67250.75,0,Polygon,+,2E,3,C57BL/6,EG
214,13,1324.2,60973.89,0,Polygon,+,2E,3,C57BL/6,EG
215,14,1119.45,63744.71,0,Polygon,+,2E,3,C57BL/6,EG
216,15,1001.43,46022.05,0,Polygon,+,2E,3,C57BL/6,EG
217,16,1260.25,80113.78,0,Polygon,+,2E,3,C57BL/6,EG
218,1,1167.55,57880.14,0,Polygon,+,2F,1,C57BL/6,OR
219,2,1016.05,51799.5,0,Polygon,+,2F,1,C57BL/6,OR
220,3,1602.9,116890.37,0,Polygon,+,2F,1,C57BL/6,OR
221,4,1373.15,86932.01,0,Polygon,+,2F,1,C57BL/6,OR
222,5,1812.34,146427.75,0,Polygon,+,2F,1,C57BL/6,OR
223,6,1317.65,73318.47,0,Polygon,+,2F,1,C57BL/6,OR
224,7,1559.75,100722.42,0,Polygon,+,2F,1,C57BL/6,OR
225,8,1976.44,135940.97,0,Polygon,+,2F,1,C57BL/6,OR
226,9,1310.5,72342.06,0,Polygon,+,2F,1,C57BL/6,OR
227,10,1643.65,107029.05,0,Polygon,+,2F,1,C57BL/6,OR
228,11,2554.23,243941.49,0,Polygon,+,2F,1,C57BL/6,OR
229,1,1661.69,106125.46,0,Polygon,+,2F,3,C57BL/6,OR
230,2,1855.42,149842.08,0,Polygon,+,2F,3,C57BL/6,OR
231,3,1716.22,129024.46,0,Polygon,+,2F,3,C57BL/6,OR
232,4,1047.77,45049.28,0,Polygon,+,2F,3,C57BL/6,OR
233,5,1886.16,148128.21,0,Polygon,+,2F,3,C57BL/6,OR
234,6,1010.85,64563.27,0,Polygon,+,2F,3,C57BL/6,OR
235,7,1648.16,105832.37,0,Polygon,+,2F,3,C57BL/6,OR
236,8,1953.73,127931.84,0,Polygon,+,2F,3,C57BL/6,OR
237,9,1438.04,83420.78,0,Polygon,+,2F,3,C57BL/6,OR
238,10,1627.83,93299.37,0,Polygon,+,2F,3,C57BL/6,OR
239,11,2255.44,195953.04,0,Polygon,+,2F,3,C57BL/6,OR
240,12,1533.15,99020.25,0,Polygon,+,2F,3,C57BL/6,OR
241,1,1484.45,122192.35,0,Polygon,+,2G,1,C57BL/6,BRE
242,2,1494.64,90003.01,0,Polygon,+,2G,1,C57BL/6,BRE
243,3,1524.35,87486.82,0,Polygon,+,2G,1,C57BL/6,BRE
244,4,1596.44,88275.35,0,Polygon,+,2G,1,C57BL/6,BRE
245,5,1144.03,45295.73,0,Polygon,+,2G,1,C57BL/6,BRE
246,6,815.79,22205.84,0,Polygon,+,2G,1,C57BL/6,BRE
247,7,1092.96,64125.82,0,Polygon,+,2G,1,C57BL/6,BRE
248,8,930.68,40334.04,0,Polygon,+,2G,1,C57BL/6,BRE
249,9,1649.49,126008.67,0,Polygon,+,2G,1,C57BL/6,BRE
250,10,924.83,33731.27,0,Polygon,+,2G,1,C57BL/6,BRE
251,11,977.66,45173.69,0,Polygon,+,2G,1,C57BL/6,BRE
252,12,1287.23,57558.95,0,Polygon,+,2G,1,C57BL/6,BRE
253,13,1674.04,89933.54,0,Polygon,+,2G,1,C57BL/6,BRE
254,14,1646.82,101641.51,0,Polygon,+,2G,1,C57BL/6,BRE
255,15,1003.92,51975.1,0,Polygon,+,2G,1,C57BL/6,BRE
256,16,960.86,41145.68,0,Polygon,+,2G,1,C57BL/6,BRE
257,17,1633.51,96019.97,0,Polygon,+,2G,1,C57BL/6,BRE
258,18,907.73,41470.05,0,Polygon,+,2G,1,C57BL/6,BRE
259,1,992.98,43498.96,0,Polygon,+,2G,3,C57BL/6,BRE
260,2,1383.46,86481.42,0,Polygon,+,2G,3,C57BL/6,BRE
261,3,1552.65,84542.87,0,Polygon,+,2G,3,C57BL/6,BRE
262,4,1938.9,137774.24,0,Polygon,+,2G,3,C57BL/6,BRE
263,5,1945.39,84791.13,0,Polygon,+,2G,3,C57BL/6,BRE
264,6,1449.58,46255.31,0,Polygon,+,2G,3,C57BL/6,BRE
265,7,1354.1,84799.28,0,Polygon,+,2G,3,C57BL/6,BRE
266,8,1252.22,78471.85,0,Polygon,+,2G,3,C57BL/6,BRE
267,9,1484.23,89545.24,0,Polygon,+,2G,3,C57BL/6,BRE
268,10,1673.1,97854.85,0,Polygon,+,2G,3,C57BL/6,BRE
269,11,1017.07,39810.39,0,Polygon,+,2G,3,C57BL/6,BRE
270,12,1111.95,58135.66,0,Polygon,+,2G,3,C57BL/6,BRE
271,1,1141.93,66329.71,0,Polygon,+,3D,1,BALB/c,LE
272,2,1152.03,56623.58,0,Polygon,+,3D,1,BALB/c,LE
273,3,1355.63,71196.63,0,Polygon,+,3D,1,BALB/c,LE
274,4,1184.93,65891.78,0,Polygon,+,3D,1,BALB/c,LE
275,5,1405.7,87571.99,0,Polygon,+,3D,1,BALB/c,LE
276,6,1096.68,51902.68,0,Polygon,+,3D,1,BALB/c,LE
277,7,1034.81,44388.89,0,Polygon,+,3D,1,BALB/c,LE
278,8,1111.9,55242.43,0,Polygon,+,3D,1,BALB/c,LE
279,9,951.1,42766.18,0,Polygon,+,3D,1,BALB/c,LE
280,10,1047.48,47204.02,0,Polygon,+,3D,1,BALB/c,LE
281,11,1225.62,76179.39,0,Polygon,+,3D,1,BALB/c,LE
282,12,1164.03,75166.83,0,Polygon,+,3D,1,BALB/c,LE
283,13,1271.41,62297.41,0,Polygon,+,3D,1,BALB/c,LE
284,1,1411.93,107554.12,0,Polygon,+,3D,3,BALB/c,LE
285,2,1511.04,93876.15,0,Polygon,+,3D,3,BALB/c,LE
286,3,1254.54,71461.94,0,Polygon,+,3D,3,BALB/c,LE
287,4,1272.79,69149.37,0,Polygon,+,3D,3,BALB/c,LE
288,5,978.16,46294.84,0,Polygon,+,3D,3,BALB/c,LE
289,6,1153.17,61098.63,0,Polygon,+,3D,3,BALB/c,LE
290,7,1289.74,90976.27,0,Polygon,+,3D,3,BALB/c,LE
291,8,1112.52,73227.1,0,Polygon,+,3D,3,BALB/c,LE
292,9,1030.9,52279.89,0,Polygon,+,3D,3,BALB/c,LE
293,10,1031.66,58917.03,0,Polygon,+,3D,3,BALB/c,LE
294,11,999.42,57126.28,0,Polygon,+,3D,3,BALB/c,LE
295,12,1056.22,60710.82,0,Polygon,+,3D,3,BALB/c,LE
296,1,1328.83,51389.74,0,Polygon,+,3E,1,BALB/c,EG
297,2,1842.34,78117.5,0,Polygon,+,3E,1,BALB/c,EG
298,3,1081.73,52268.6,0,Polygon,+,3E,1,BALB/c,EG
299,4,933.76,45263.68,0,Polygon,+,3E,1,BALB/c,EG
300,5,1224.04,58486.73,0,Polygon,+,3E,1,BALB/c,EG
301,6,1233.01,41083.22,0,Polygon,+,3E,1,BALB/c,EG
302,7,1424.45,99076.15,0,Polygon,+,3E,1,BALB/c,EG
303,8,1990.18,159021.99,0,Polygon,+,3E,1,BALB/c,EG
304,9,1347.27,75314.87,0,Polygon,+,3E,1,BALB/c,EG
305,10,1066.3,50734.92,0,Polygon,+,3E,1,BALB/c,EG
306,11,1410.03,67715.74,0,Polygon,+,3E,1,BALB/c,EG
307,12,1278.17,58576.63,0,Polygon,+,3E,1,BALB/c,EG
308,13,1196.69,55211.51,0,Polygon,+,3E,1,BALB/c,EG
309,14,963.96,46470.51,0,Polygon,+,3E,1,BALB/c,EG
310,15,1297.83,89947.67,0,Polygon,+,3E,1,BALB/c,EG
311,1,1016.92,46480.76,0,Polygon,+,3E,3,BALB/c,EG
312,2,1910.58,120618.34,0,Polygon,+,3E,3,BALB/c,EG
313,3,1328.15,58162.43,0,Polygon,+,3E,3,BALB/c,EG
314,4,1249.34,48351.23,0,Polygon,+,3E,3,BALB/c,EG
315,5,1394.03,46582.02,0,Polygon,+,3E,3,BALB/c,EG
316,6,1375.72,47231.58,0,Polygon,+,3E,3,BALB/c,EG
317,7,1410.77,64270.1,0,Polygon,+,3E,3,BALB/c,EG
318,8,1051.09,43060.86,0,Polygon,+,3E,3,BALB/c,EG
319,9,1412.62,70931.6,0,Polygon,+,3E,3,BALB/c,EG
320,10,1409.81,52514.94,0,Polygon,+,3E,3,BALB/c,EG
321,11,1231.18,44609.45,0,Polygon,+,3E,3,BALB/c,EG
322,12,1035.5,40648.5,0,Polygon,+,3E,3,BALB/c,EG
323,13,1123.24,52178.7,0,Polygon,+,3E,3,BALB/c,EG
324,14,1342.36,52877.17,0,Polygon,+,3E,3,BALB/c,EG
325,15,1281.43,48966.72,0,Polygon,+,3E,3,BALB/c,EG
326,16,1620.05,114190.74,0,Polygon,+,3E,3,BALB/c,EG
327,17,1214.85,53868.7,0,Polygon,+,3E,3,BALB/c,EG
328,1,1628.69,113313.07,0,Polygon,+,3F,1,BALB/c,OR
329,2,1823.39,107902.92,0,Polygon,+,3F,1,BALB/c,OR
330,3,1124.21,45313.02,0,Polygon,+,3F,1,BALB/c,OR
331,4,1143.73,69758.12,0,Polygon,+,3F,1,BALB/c,OR
332,5,1606.62,108848.39,0,Polygon,+,3F,1,BALB/c,OR
333,6,1739.96,118778.26,0,Polygon,+,3F,1,BALB/c,OR
334,7,933.69,29877.61,0,Polygon,+,3F,1,BALB/c,OR
335,8,1288.39,81467.59,0,Polygon,+,3F,1,BALB/c,OR
336,9,749.84,21174.81,0,Polygon,+,3F,1,BALB/c,OR
337,10,1320.76,81423.42,0,Polygon,+,3F,1,BALB/c,OR
338,11,1274.09,60807.01,0,Polygon,+,3F,1,BALB/c,OR
339,12,1267.8,43209.38,0,Polygon,+,3F,1,BALB/c,OR
340,1,1614.17,69549.24,0,Polygon,+,3F,3,BALB/c,OR
341,2,1139.38,39514.14,0,Polygon,+,3F,3,BALB/c,OR
342,3,2043.19,98747.34,0,Polygon,+,3F,3,BALB/c,OR
343,4,1367.91,75103.65,0,Polygon,+,3F,3,BALB/c,OR
344,5,968.61,24857.68,0,Polygon,+,3F,3,BALB/c,OR
345,6,1560.32,89794.83,0,Polygon,+,3F,3,BALB/c,OR
346,7,1289.22,51698.6,0,Polygon,+,3F,3,BALB/c,OR
347,8,1029.32,44001.75,0,Polygon,+,3F,3,BALB/c,OR
348,9,1106.29,43846.04,0,Polygon,+,3F,3,BALB/c,OR
349,10,1137.39,54361.2,0,Polygon,+,3F,3,BALB/c,OR
350,11,1205.44,52288.79,0,Polygon,+,3F,3,BALB/c,OR
351,12,942.5,40617.76,0,Polygon,+,3F,3,BALB/c,OR
352,1,1178.76,79050.1,0,Polygon,+,3G,1,BALB/c,BRE
353,2,1172.77,78679.29,0,Polygon,+,3G,1,BALB/c,BRE
354,3,1024.63,48617.51,0,Polygon,+,3G,1,BALB/c,BRE
355,4,1052.71,48666.25,0,Polygon,+,3G,1,BALB/c,BRE
356,5,1638.97,93473.46,0,Polygon,+,3G,1,BALB/c,BRE
357,6,597.13,10850.98,0,Polygon,+,3G,1,BALB/c,BRE
358,7,1560.1,75307.49,0,Polygon,+,3G,1,BALB/c,BRE
359,8,1001.57,40662.63,0,Polygon,+,3G,1,BALB/c,BRE
360,9,1361.71,99207.89,0,Polygon,+,3G,1,BALB/c,BRE
361,10,1087.63,48815.74,0,Polygon,+,3G,1,BALB/c,BRE
362,11,1652.12,124095.64,0,Polygon,+,3G,1,BALB/c,BRE
363,12,1699.64,155663.12,0,Polygon,+,3G,1,BALB/c,BRE
364,1,1450.85,63004.19,0,Polygon,+,3G,3,BALB/c,BRE
365,2,1521.2,76822.92,0,Polygon,+,3G,3,BALB/c,BRE
366,3,987.44,36220.72,0,Polygon,+,3G,3,BALB/c,BRE
367,4,1353.14,61327.15,0,Polygon,+,3G,3,BALB/c,BRE
368,5,1156.19,27864.71,0,Polygon,+,3G,3,BALB/c,BRE
369,6,1533.66,92701.86,0,Polygon,+,3G,3,BALB/c,BRE
370,7,751.45,21807.25,0,Polygon,+,3G,3,BALB/c,BRE
371,8,1114.7,43335.09,0,Polygon,+,3G,3,BALB/c,BRE
372,9,1110.61,45731.44,0,Polygon,+,3G,3,BALB/c,BRE
373,10,939.64,39317.55,0,Polygon,+,3G,3,BALB/c,BRE
374,11,982.41,40856.59,0,Polygon,+,3G,3,BALB/c,BRE
375,12,1676.01,94910.42,0,Polygon,+,3G,3,BALB/c,BRE
376,13,1975.21,134949.47,0,Polygon,+,3G,3,BALB/c,BRE
377,14,1248.59,70485.55,0,Polygon,+,3G,3,BALB/c,BRE
378,15,972.78,33183.71,0,Polygon,+,3G,3,BALB/c,BRE
379,1,1432.68,79840.75,0,Polygon,+,3G,3,BALB/c,BRE
380,2,1113.86,40525.3,0,Polygon,+,3G,3,BALB/c,BRE
381,3,1287.34,60965.83,0,Polygon,+,3G,3,BALB/c,BRE
382,4,815.88,26582.31,0,Polygon,+,3G,3,BALB/c,BRE
383,5,982.26,47744.84,0,Polygon,+,3G,3,BALB/c,BRE
384,6,1106.83,48910.41,0,Polygon,+,3G,3,BALB/c,BRE
385,7,1417.66,75415.17,0,Polygon,+,3G,3,BALB/c,BRE
386,8,1881.37,153817.78,0,Polygon,+,3G,3,BALB/c,BRE
387,9,1166.33,55629.23,0,Polygon,+,3G,3,BALB/c,BRE
388,10,953.62,33278.68,0,Polygon,+,3G,3,BALB/c,BRE
389,11,1160,38933.52,0,Polygon,+,3G,3,BALB/c,BRE
390,12,1484.85,86338.06,0,Polygon,+,3G,3,BALB/c,BRE
391,13,1103.56,56984.22,0,Polygon,+,3G,3,BALB/c,BRE
392,1,1609.78,124166.51,0,Polygon,+,4E,1,C57BL/6,EG
393,2,2061.13,206871.11,0,Polygon,+,4E,1,C57BL/6,EG
394,3,1437.97,86683.65,0,Polygon,+,4E,1,C57BL/6,EG
395,5,1629.38,97637.69,0,Polygon,+,4E,1,C57BL/6,EG
396,6,1313.58,73452.02,0,Polygon,+,4E,1,C57BL/6,EG
397,7,1959.28,166212.33,0,Polygon,+,4E,1,C57BL/6,EG
398,8,1380.29,86543.03,0,Polygon,+,4E,1,C57BL/6,EG
399,9,1135.27,58599.82,0,Polygon,+,4E,1,C57BL/6,EG
400,10,1304.38,68176.96,0,Polygon,+,4E,1,C57BL/6,EG
401,11,1116.78,60853.26,0,Polygon,+,4E,1,C57BL/6,EG
402,12,1148.58,61337.81,0,Polygon,+,4E,1,C57BL/6,EG
403,13,1562.07,109061.79,0,Polygon,+,4E,1,C57BL/6,EG
404,14,1419.77,76176.93,0,Polygon,+,4E,1,C57BL/6,EG
405,15,917.25,42475.01,0,Polygon,+,4E,1,C57BL/6,EG
406,16,808.74,27276.99,0,Polygon,+,4E,1,C57BL/6,EG
407,1,1204.57,46112.53,0,Polygon,+,4E,3,C57BL/6,EG
408,2,1343.62,83364.57,0,Polygon,+,4E,3,C57BL/6,EG
409,3,1865.98,119858.73,0,Polygon,+,4E,3,C57BL/6,EG
410,4,1043.79,44704.31,0,Polygon,+,4E,3,C57BL/6,EG
411,5,2030.03,187691.64,0,Polygon,+,4E,3,C57BL/6,EG
412,6,1994.91,158749.37,0,Polygon,+,4E,3,C57BL/6,EG
413,7,1342.09,73597.09,0,Polygon,+,4E,3,C57BL/6,EG
414,8,2175.6,184546.16,0,Polygon,+,4E,3,C57BL/6,EG
415,9,1744.84,109023.37,0,Polygon,+,4E,3,C57BL/6,EG
416,10,2135.58,186935.95,0,Polygon,+,4E,3,C57BL/6,EG
417,11,1466.42,75872.12,0,Polygon,+,4E,3,C57BL/6,EG
418,12,1702.85,122816.66,0,Polygon,+,4E,3,C57BL/6,EG
419,13,1526.58,96987.89,0,Polygon,+,4E,3,C57BL/6,EG
420,1,1485.17,93214.92,0,Polygon,+,4F,1,C57BL/6,OR
421,2,1809.71,129505.91,0,Polygon,+,4F,1,C57BL/6,OR
422,3,1909.4,123544.61,0,Polygon,+,4F,1,C57BL/6,OR
423,4,2286.74,201417.67,0,Polygon,+,4F,1,C57BL/6,OR
424,5,2120.13,181682.69,0,Polygon,+,4F,1,C57BL/6,OR
425,6,1899.52,160528.67,0,Polygon,+,4F,1,C57BL/6,OR
426,7,1332.68,69235.17,0,Polygon,+,4F,1,C57BL/6,OR
427,8,1288.08,72594.9,0,Polygon,+,4F,1,C57BL/6,OR
428,9,1266.36,74935.86,0,Polygon,+,4F,1,C57BL/6,OR
429,10,1692.35,116217.18,0,Polygon,+,4F,1,C57BL/6,OR
430,11,1646.86,104142.85,0,Polygon,+,4F,1,C57BL/6,OR
431,12,1683.68,124229.53,0,Polygon,+,4F,1,C57BL/6,OR
432,13,1829.22,127097.73,0,Polygon,+,4F,1,C57BL/6,OR
433,1,1875.46,128642.87,0,Polygon,+,4F,3,C57BL/6,OR
434,2,1964.3,148302.85,0,Polygon,+,4F,3,C57BL/6,OR
435,3,1643.27,101523.78,0,Polygon,+,4F,3,C57BL/6,OR
436,4,806.47,40817.62,0,Polygon,+,4F,3,C57BL/6,OR
437,5,1195.45,60346.8,0,Polygon,+,4F,3,C57BL/6,OR
438,6,1379.37,75749.2,0,Polygon,+,4F,3,C57BL/6,OR
439,7,1454.82,90602.44,0,Polygon,+,4F,3,C57BL/6,OR
440,8,1484.8,84512.49,0,Polygon,+,4F,3,C57BL/6,OR
441,9,1610.23,107225.8,0,Polygon,+,4F,3,C57BL/6,OR
442,10,1064.13,57957.5,0,Polygon,+,4F,3,C57BL/6,OR
443,11,1338.34,93574.53,0,Polygon,+,4F,3,C57BL/6,OR
444,12,1623.83,102949.02,0,Polygon,+,4F,3,C57BL/6,OR
445,13,1325.36,64703.33,0,Polygon,+,4F,3,C57BL/6,OR
446,14,1174.24,56629.3,0,Polygon,+,4F,3,C57BL/6,OR
447,1,1232.09,78066.09,0,Polygon,+,4G,1,C57BL/6,BRE
448,2,1261.7,68715.9,0,Polygon,+,4G,1,C57BL/6,BRE
449,3,1388.72,91093.59,0,Polygon,+,4G,1,C57BL/6,BRE
450,4,986.28,36764.34,0,Polygon,+,4G,1,C57BL/6,BRE
451,5,1453.44,73596.4,0,Polygon,+,4G,1,C57BL/6,BRE
452,6,1196.57,60886.45,0,Polygon,+,4G,1,C57BL/6,BRE
453,7,1439.55,89812.58,0,Polygon,+,4G,1,C57BL/6,BRE
454,8,811.39,36773.79,0,Polygon,+,4G,1,C57BL/6,BRE
455,9,965.32,45062.28,0,Polygon,+,4G,1,C57BL/6,BRE
456,10,1068.47,56038.44,0,Polygon,+,4G,1,C57BL/6,BRE
457,11,1294.37,73756.86,0,Polygon,+,4G,1,C57BL/6,BRE
458,12,1048.15,59573.85,0,Polygon,+,4G,1,C57BL/6,BRE
459,13,877.1,37641.13,0,Polygon,+,4G,1,C57BL/6,BRE
460,14,1296.55,62445.74,0,Polygon,+,4G,1,C57BL/6,BRE
461,15,1255.38,65996.03,0,Polygon,+,4G,1,C57BL/6,BRE
462,16,1151.3,62650.19,0,Polygon,+,4G,1,C57BL/6,BRE
463,17,937.25,40923.77,0,Polygon,+,4G,1,C57BL/6,BRE
464,1,1565.26,105245.39,0,Polygon,+,4G,3,C57BL/6,BRE
465,2,1816.71,129494.84,0,Polygon,+,4G,3,C57BL/6,BRE
466,3,2144.5,121859.56,0,Polygon,+,4G,3,C57BL/6,BRE
467,4,1762.63,105838.71,0,Polygon,+,4G,3,C57BL/6,BRE
468,5,888.25,45515.23,0,Polygon,+,4G,3,C57BL/6,BRE
469,6,1354,72112.51,0,Polygon,+,4G,3,C57BL/6,BRE
470,7,1237.18,78782.01,0,Polygon,+,4G,3,C57BL/6,BRE
471,8,923.16,47833.58,0,Polygon,+,4G,3,C57BL/6,BRE
472,9,1145.71,65704.7,0,Polygon,+,4G,3,C57BL/6,BRE
473,10,1179.97,60503.72,0,Polygon,+,4G,3,C57BL/6,BRE
474,11,1345.45,101787.5,0,Polygon,+,4G,3,C57BL/6,BRE
475,12,1023.86,47637.89,0,Polygon,+,4G,3,C57BL/6,BRE
476,13,875.56,38678.97,0,Polygon,+,4G,3,C57BL/6,BRE
477,14,920.06,46572.57,0,Polygon,+,4G,3,C57BL/6,BRE
478,15,1027.04,46822.62,0,Polygon,+,4G,3,C57BL/6,BRE
479,16,955.71,49820.63,0,Polygon,+,4G,3,C57BL/6,BRE
480,17,969,55940.63,0,Polygon,+,4G,3,C57BL/6,BRE
481,18,1097.33,74205.06,0,Polygon,+,4G,3,C57BL/6,BRE
482,1,1642.94,138131.06,0,Polygon,+,5D,1,BALB/c,LE
483,2,1617.82,133467.85,0,Polygon,+,5D,1,BALB/c,LE
484,3,1198.86,75881.52,0,Polygon,+,5D,1,BALB/c,LE
485,4,677.5,24540.33,0,Polygon,+,5D,1,BALB/c,LE
486,5,2156.67,151178.79,0,Polygon,+,5D,1,BALB/c,LE
487,6,1678.46,103536.87,0,Polygon,+,5D,1,BALB/c,LE
488,7,904.15,51043.04,0,Polygon,+,5D,1,BALB/c,LE
489,8,2206.13,196907.67,0,Polygon,+,5D,1,BALB/c,LE
490,9,1702.72,111808.79,0,Polygon,+,5D,1,BALB/c,LE
491,10,1331.23,78553.12,0,Polygon,+,5D,1,BALB/c,LE
492,11,1367.8,94332.92,0,Polygon,+,5D,1,BALB/c,LE
493,12,1235.59,52989.37,0,Polygon,+,5D,1,BALB/c,LE
494,13,1722.83,130269.34,0,Polygon,+,5D,1,BALB/c,LE
495,1,1873.95,149585.66,0,Polygon,+,5D,3,BALB/c,LE
496,2,1570.34,120552.58,0,Polygon,+,5D,3,BALB/c,LE
497,3,1920.25,127235.88,0,Polygon,+,5D,3,BALB/c,LE
498,4,994.11,36901.48,0,Polygon,+,5D,3,BALB/c,LE
499,5,1143.62,51017.91,0,Polygon,+,5D,3,BALB/c,LE
500,6,1024.66,55928.33,0,Polygon,+,5D,3,BALB/c,LE
501,7,1420.72,95333.97,0,Polygon,+,5D,3,BALB/c,LE
502,8,1252.26,66583.83,0,Polygon,+,5D,3,BALB/c,LE
503,9,914.94,35438.07,0,Polygon,+,5D,3,BALB/c,LE
504,10,1147.79,77538.07,0,Polygon,+,5D,3,BALB/c,LE
505,11,1305.58,92555.31,0,Polygon,+,5D,3,BALB/c,LE
506,12,1400.4,77644.49,0,Polygon,+,5D,3,BALB/c,LE
507,13,1134.09,41698.66,0,Polygon,+,5D,3,BALB/c,LE
508,14,1143.66,51484.92,0,Polygon,+,5D,3,BALB/c,LE
509,15,1588.62,83223.66,0,Polygon,+,5D,3,BALB/c,LE
510,1,1991.46,200737.07,0,Polygon,+,5E,1,BALB/c,EG
511,2,1810.16,177547.27,0,Polygon,+,5E,1,BALB/c,EG
512,3,1110.33,52904.95,0,Polygon,+,5E,1,BALB/c,EG
513,4,856.38,35908.04,0,Polygon,+,5E,1,BALB/c,EG
514,5,1163.06,59578.67,0,Polygon,+,5E,1,BALB/c,EG
515,6,1422.56,78808.52,0,Polygon,+,5E,1,BALB/c,EG
516,7,1731.36,106763.01,0,Polygon,+,5E,1,BALB/c,EG
517,8,1163.43,58954.1,0,Polygon,+,5E,1,BALB/c,EG
518,9,1116.16,41948.1,0,Polygon,+,5E,1,BALB/c,EG
519,10,1022.59,49667.59,0,Polygon,+,5E,1,BALB/c,EG
520,11,1208.5,63116.86,0,Polygon,+,5E,1,BALB/c,EG
521,12,765.93,26973.31,0,Polygon,+,5E,1,BALB/c,EG
522,13,1185.45,61428.84,0,Polygon,+,5E,1,BALB/c,EG
523,14,1072.24,48842.7,0,Polygon,+,5E,1,BALB/c,EG
524,16,1032.98,42415.52,0,Polygon,+,5E,1,BALB/c,EG
525,17,1183.18,48212.09,0,Polygon,+,5E,1,BALB/c,EG
526,1,1191.78,64646.97,0,Polygon,+,5E,3,BALB/c,EG
527,2,2345.58,160205.48,0,Polygon,+,5E,3,BALB/c,EG
528,3,1800.66,154628.4,0,Polygon,+,5E,3,BALB/c,EG
529,4,1347.18,80121.74,0,Polygon,+,5E,3,BALB/c,EG
530,5,1184.36,85415.78,0,Polygon,+,5E,3,BALB/c,EG
531,6,1570.68,119186.02,0,Polygon,+,5E,3,BALB/c,EG
532,7,1279.67,83020.26,0,Polygon,+,5E,3,BALB/c,EG
533,8,1210.5,78520.66,0,Polygon,+,5E,3,BALB/c,EG
534,9,2039.43,188270.78,0,Polygon,+,5E,3,BALB/c,EG
535,1,1692.29,102773.32,0,Polygon,+,5F,1,BALB/c,OR
536,2,1313.89,69633.06,0,Polygon,+,5F,1,BALB/c,OR
537,3,2174.57,164660.27,0,Polygon,+,5F,1,BALB/c,OR
538,4,1131.39,49187.32,0,Polygon,+,5F,1,BALB/c,OR
539,5,1140.9,59494.39,0,Polygon,+,5F,1,BALB/c,OR
540,6,1088.39,48846.55,0,Polygon,+,5F,1,BALB/c,OR
541,7,1296.96,66816.61,0,Polygon,+,5F,1,BALB/c,OR
542,8,1154.8,48563.93,0,Polygon,+,5F,1,BALB/c,OR
543,9,1621.51,95132.2,0,Polygon,+,5F,1,BALB/c,OR
544,10,1186.69,53038.25,0,Polygon,+,5F,1,BALB/c,OR
545,11,926.96,33710.98,0,Polygon,+,5F,1,BALB/c,OR
546,12,1160.13,44736,0,Polygon,+,5F,1,BALB/c,OR
547,13,1149.34,45954.09,0,Polygon,+,5F,1,BALB/c,OR
548,1,1414.39,69256.53,0,Polygon,+,5F,3,BALB/c,OR
549,2,1745.93,126433.63,0,Polygon,+,5F,3,BALB/c,OR
550,3,1263.77,90949.98,0,Polygon,+,5F,3,BALB/c,OR
551,4,1940.66,165510.92,0,Polygon,+,5F,3,BALB/c,OR
552,5,1476.41,104947.71,0,Polygon,+,5F,3,BALB/c,OR
553,6,1647.5,118744.54,0,Polygon,+,5F,3,BALB/c,OR
554,7,1030.02,42510.22,0,Polygon,+,5F,3,BALB/c,OR
555,8,1940.78,126160.12,0,Polygon,+,5F,3,BALB/c,OR
556,9,1730.76,105046.42,0,Polygon,+,5F,3,BALB/c,OR
557,10,1827.28,128530.88,0,Polygon,+,5F,3,BALB/c,OR
558,11,869.51,31870.85,0,Polygon,+,5F,3,BALB/c,OR
559,1,774.18,28722.82,0,Polygon,+,5G,1,BALB/c,BRE
560,2,1155.59,68748.82,0,Polygon,+,5G,1,BALB/c,BRE
561,3,1392.26,80865.57,0,Polygon,+,5G,1,BALB/c,BRE
562,4,956.45,46100.93,0,Polygon,+,5G,1,BALB/c,BRE
563,5,1486.84,92597.61,0,Polygon,+,5G,1,BALB/c,BRE
564,6,1225.79,57697.3,0,Polygon,+,5G,1,BALB/c,BRE
565,7,1610.23,107805.04,0,Polygon,+,5G,1,BALB/c,BRE
566,8,1120.93,49048.71,0,Polygon,+,5G,1,BALB/c,BRE
567,9,1298.83,82818.63,0,Polygon,+,5G,1,BALB/c,BRE
568,10,1234.08,52624.44,0,Polygon,+,5G,1,BALB/c,BRE
569,11,1731.45,103155.88,0,Polygon,+,5G,1,BALB/c,BRE
570,12,1612.48,94474.86,0,Polygon,+,5G,1,BALB/c,BRE
571,13,797.13,23642.9,0,Polygon,+,5G,1,BALB/c,BRE
572,14,1173.34,54275.42,0,Polygon,+,5G,1,BALB/c,BRE
573,15,1295.14,62343.35,0,Polygon,+,5G,1,BALB/c,BRE
574,1,1109.71,49453.19,0,Polygon,+,5G,3,BALB/c,BRE
575,2,1489.59,78866.05,0,Polygon,+,5G,3,BALB/c,BRE
576,3,1503.81,88880.05,0,Polygon,+,5G,3,BALB/c,BRE
577,4,1367.45,65183.29,0,Polygon,+,5G,3,BALB/c,BRE
578,5,1248.43,65414.38,0,Polygon,+,5G,3,BALB/c,BRE
579,6,1191.54,54798.33,0,Polygon,+,5G,3,BALB/c,BRE
580,7,1352.36,60211.06,0,Polygon,+,5G,3,BALB/c,BRE
581,8,1258.24,58162.43,0,Polygon,+,5G,3,BALB/c,BRE
582,9,1312.57,53189.45,0,Polygon,+,5G,3,BALB/c,BRE
583,10,1864.63,123692.61,0,Polygon,+,5G,3,BALB/c,BRE
584,11,1354.41,86455.74,0,Polygon,+,5G,3,BALB/c,BRE
585,12,1312.54,71167.9,0,Polygon,+,5G,3,BALB/c,BRE
586,1,1479.43,70643.48,0,Polygon,+,6D,1,C57BL/6,LE
587,2,1005.18,46711.71,0,Polygon,+,6D,1,C57BL/6,LE
588,3,1398.89,59502.11,0,Polygon,+,6D,1,C57BL/6,LE
589,4,1295.35,68408.99,0,Polygon,+,6D,1,C57BL/6,LE
590,5,1829.49,105522.88,0,Polygon,+,6D,1,C57BL/6,LE
591,6,1175.71,51332,0,Polygon,+,6D,1,C57BL/6,LE
592,7,1050.6,40770.09,0,Polygon,+,6D,1,C57BL/6,LE
593,8,1407.57,87855.1,0,Polygon,+,6D,1,C57BL/6,LE
594,9,1455.68,88839.93,0,Polygon,+,6D,1,C57BL/6,LE
595,10,1385.78,85515.69,0,Polygon,+,6D,1,C57BL/6,LE
596,11,1684.1,105256,0,Polygon,+,6D,1,C57BL/6,LE
597,12,1519.31,77380.82,0,Polygon,+,6D,1,C57BL/6,LE
598,13,1039.16,38252.88,0,Polygon,+,6D,1,C57BL/6,LE
599,14,1632.81,86689.34,0,Polygon,+,6D,1,C57BL/6,LE
600,15,1301.95,54362.14,0,Polygon,+,6D,1,C57BL/6,LE
601,16,1988.74,118183.54,0,Polygon,+,6D,1,C57BL/6,LE
602,17,1529.57,68210.82,0,Polygon,+,6D,1,C57BL/6,LE
603,18,1390.76,91396.03,0,Polygon,+,6D,1,C57BL/6,LE
604,19,1565.75,81618.38,0,Polygon,+,6D,1,C57BL/6,LE
605,1,1429.4,99492.71,0,Polygon,+,6D,3,C57BL/6,LE
606,2,1444.2,62622.94,0,Polygon,+,6D,3,C57BL/6,LE
607,3,1755,110094.05,0,Polygon,+,6D,3,C57BL/6,LE
608,4,1606.27,96065.96,0,Polygon,+,6D,3,C57BL/6,LE
609,5,785.28,25737.32,0,Polygon,+,6D,3,C57BL/6,LE
610,6,1264.87,58545.44,0,Polygon,+,6D,3,C57BL/6,LE
611,7,1723.13,107935.94,0,Polygon,+,6D,3,C57BL/6,LE
612,8,1290.76,71328,0,Polygon,+,6D,3,C57BL/6,LE
613,9,1612.44,109180.29,0,Polygon,+,6D,3,C57BL/6,LE
614,10,1397.51,80349.84,0,Polygon,+,6D,3,C57BL/6,LE
615,11,1603.15,92593.82,0,Polygon,+,6D,3,C57BL/6,LE
616,12,943.55,44861.93,0,Polygon,+,6D,3,C57BL/6,LE
617,13,1426.52,96359.29,0,Polygon,+,6D,3,C57BL/6,LE
618,1,2274.6,139925.12,0,Polygon,+,6E,1,C57BL/6,EG
619,2,2206.89,134951.32,0,Polygon,+,6E,1,C57BL/6,EG
620,3,1455.12,68799.61,0,Polygon,+,6E,1,C57BL/6,EG
621,4,2245.32,157953.94,0,Polygon,+,6E,1,C57BL/6,EG
622,5,1744.28,85847.63,0,Polygon,+,6E,1,C57BL/6,EG
623,6,2207.42,121202.55,0,Polygon,+,6E,1,C57BL/6,EG
624,7,1711.42,68076.66,0,Polygon,+,6E,1,C57BL/6,EG
625,8,1681.59,86297.45,0,Polygon,+,6E,1,C57BL/6,EG
626,9,1452.81,60451.78,0,Polygon,+,6E,1,C57BL/6,EG
627,10,1774.32,62953.74,0,Polygon,+,6E,1,C57BL/6,EG
628,11,2052.67,66752.32,0,Polygon,+,6E,1,C57BL/6,EG
629,12,1912.29,92810.64,0,Polygon,+,6E,1,C57BL/6,EG
630,13,964.16,41407.13,0,Polygon,+,6E,1,C57BL/6,EG
631,1,1141.29,53076.21,0,Polygon,+,6E,3,C57BL/6,EG
632,2,1161.08,65258.38,0,Polygon,+,6E,3,C57BL/6,EG
633,3,1459.71,95687.28,0,Polygon,+,6E,3,C57BL/6,EG
634,4,1194.36,75065.21,0,Polygon,+,6E,3,C57BL/6,EG
635,5,1305.8,96745.3,0,Polygon,+,6E,3,C57BL/6,EG
636,6,833.92,33420.67,0,Polygon,+,6E,3,C57BL/6,EG
637,7,1160.72,73034.71,0,Polygon,+,6E,3,C57BL/6,EG
638,8,1515.5,91715.22,0,Polygon,+,6E,3,C57BL/6,EG
639,9,1049.52,56391.65,0,Polygon,+,6E,3,C57BL/6,EG
640,10,1917.68,122692.56,0,Polygon,+,6E,3,C57BL/6,EG
641,11,1323.97,77435,0,Polygon,+,6E,3,C57BL/6,EG
642,12,1687.41,112243.87,0,Polygon,+,6E,3,C57BL/6,EG
643,13,1706.92,120045.74,0,Polygon,+,6E,3,C57BL/6,EG
644,1,1707.08,163491.35,0,Polygon,+,6F,1,C57BL/6,OR
645,2,1844.81,171909.4,0,Polygon,+,6F,1,C57BL/6,OR
646,3,1008.39,63524.79,0,Polygon,+,6F,1,C57BL/6,OR
647,4,1554.51,93576.24,0,Polygon,+,6F,1,C57BL/6,OR
648,5,1592.17,104810.69,0,Polygon,+,6F,1,C57BL/6,OR
649,6,1913.05,152875.61,0,Polygon,+,6F,1,C57BL/6,OR
650,7,981.95,45335.09,0,Polygon,+,6F,1,C57BL/6,OR
651,8,1326.43,95940.29,0,Polygon,+,6F,1,C57BL/6,OR
652,9,1134.03,82095.06,0,Polygon,+,6F,1,C57BL/6,OR
653,10,914.47,40139.94,0,Polygon,+,6F,1,C57BL/6,OR
654,11,1436.96,83502.63,0,Polygon,+,6F,1,C57BL/6,OR
655,12,1756,198067.55,0,Polygon,+,6F,1,C57BL/6,OR
656,13,1013.37,53363.64,0,Polygon,+,6F,1,C57BL/6,OR
657,14,1645.72,120583.98,0,Polygon,+,6F,1,C57BL/6,OR
658,1,1011.68,52590.17,0,Polygon,+,6F,3,C57BL/6,OR
659,2,1474.81,76445.09,0,Polygon,+,6F,3,C57BL/6,OR
660,3,1112.34,45101.22,0,Polygon,+,6F,3,C57BL/6,OR
661,4,1696.93,81161.94,0,Polygon,+,6F,3,C57BL/6,OR
662,5,894.73,35198.37,0,Polygon,+,6F,3,C57BL/6,OR
663,6,1434.81,79115.93,0,Polygon,+,6F,3,C57BL/6,OR
664,7,1852.47,135442.93,0,Polygon,+,6F,3,C57BL/6,OR
665,8,1399.85,73029.89,0,Polygon,+,6F,3,C57BL/6,OR
666,9,1582.54,99903.65,0,Polygon,+,6F,3,C57BL/6,OR
667,10,1359.18,86930.73,0,Polygon,+,6F,3,C57BL/6,OR
668,11,1065.16,49563.9,0,Polygon,+,6F,3,C57BL/6,OR
669,12,1493.41,88909.28,0,Polygon,+,6F,3,C57BL/6,OR
670,13,1627.13,143080.74,0,Polygon,+,6F,3,C57BL/6,OR
671,14,1257.28,78931.33,0,Polygon,+,6F,3,C57BL/6,OR
672,15,1432.38,115983.85,0,Polygon,+,6F,3,C57BL/6,OR
673,16,1764.44,155296.12,0,Polygon,+,6F,3,C57BL/6,OR
674,1,1485.38,89314.07,0,Polygon,+,6G,1,C57BL/6,BRE
675,2,1840.58,126561.07,0,Polygon,+,6G,1,C57BL/6,BRE
676,3,1864,136581.44,0,Polygon,+,6G,1,C57BL/6,BRE
677,4,1661.45,113986.48,0,Polygon,+,6G,1,C57BL/6,BRE
678,5,1464.88,117739.99,0,Polygon,+,6G,1,C57BL/6,BRE
679,6,1003.93,41219.18,0,Polygon,+,6G,1,C57BL/6,BRE
680,7,1762.17,104675.72,0,Polygon,+,6G,1,C57BL/6,BRE
681,8,1248.57,74684.8,0,Polygon,+,6G,1,C57BL/6,BRE
682,9,1260.01,86074.29,0,Polygon,+,6G,1,C57BL/6,BRE
683,10,1671.73,112259.59,0,Polygon,+,6G,1,C57BL/6,BRE
684,11,1350.89,66276.25,0,Polygon,+,6G,1,C57BL/6,BRE
685,12,1442.82,100290.91,0,Polygon,+,6G,1,C57BL/6,BRE
686,13,1322.82,81130.95,0,Polygon,+,6G,1,C57BL/6,BRE
687,14,1673.02,139385.67,0,Polygon,+,6G,1,C57BL/6,BRE
688,15,1649.86,118674.56,0,Polygon,+,6G,1,C57BL/6,BRE
689,16,1835.85,120132.28,0,Polygon,+,6G,1,C57BL/6,BRE
690,17,1267.2,76159.47,0,Polygon,+,6G,1,C57BL/6,BRE
691,1,1211.75,88102.98,0,Polygon,+,6G,3,C57BL/6,BRE
692,2,1342.05,100219.51,0,Polygon,+,6G,3,C57BL/6,BRE
693,3,1592.06,123815.52,0,Polygon,+,6G,3,C57BL/6,BRE
694,4,1287.42,95177.66,0,Polygon,+,6G,3,C57BL/6,BRE
695,5,865.22,39754.59,0,Polygon,+,6G,3,C57BL/6,BRE
696,6,1155.09,64610.56,0,Polygon,+,6G,3,C57BL/6,BRE
697,7,1245.4,82132.06,0,Polygon,+,6G,3,C57BL/6,BRE
698,8,1268.65,79302.9,0,Polygon,+,6G,3,C57BL/6,BRE
699,9,1514.6,108525.38,0,Polygon,+,6G,3,C57BL/6,BRE
700,10,1239.71,60034.61,0,Polygon,+,6G,3,C57BL/6,BRE
701,11,1506.79,99158.79,0,Polygon,+,6G,3,C57BL/6,BRE
702,12,1399.75,100328.65,0,Polygon,+,6G,3,C57BL/6,BRE
703,13,1612.99,111518.23,0,Polygon,+,6G,3,C57BL/6,BRE
704,14,1772.09,129319.26,0,Polygon,+,6G,3,C57BL/6,BRE
705,15,1110.03,64297.09,0,Polygon,+,6G,3,C57BL/6,BRE
706,16,1992.86,140470.96,0,Polygon,+,6G,3,C57BL/6,BRE
707,17,1358.26,91596.09,0,Polygon,+,6G,3,C57BL/6,BRE
708,18,1273.73,74251.5,0,Polygon,+,6G,3,C57BL/6,BRE
709,1,1426.06,97610.49,0,Polygon,+,7D,1,BALB/c,LE
710,2,1018.31,43342.26,0,Polygon,+,7D,1,BALB/c,LE
711,3,1043.73,43027.08,0,Polygon,+,7D,1,BALB/c,LE
712,4,1136.62,57574.07,0,Polygon,+,7D,1,BALB/c,LE
713,5,1066,48427.87,0,Polygon,+,7D,1,BALB/c,LE
714,6,1655.33,107788.91,0,Polygon,+,7D,1,BALB/c,LE
715,7,1259.3,63710.81,0,Polygon,+,7D,1,BALB/c,LE
716,8,1176,55268.16,0,Polygon,+,7D,1,BALB/c,LE
717,9,1032.03,46390.72,0,Polygon,+,7D,1,BALB/c,LE
718,10,1100.13,59730.38,0,Polygon,+,7D,1,BALB/c,LE
719,11,1552.31,106430.92,0,Polygon,+,7D,1,BALB/c,LE
720,12,1125.91,47380.49,0,Polygon,+,7D,1,BALB/c,LE
721,13,1214.88,62296.61,0,Polygon,+,7D,1,BALB/c,LE
722,14,1369.57,63155.15,0,Polygon,+,7D,1,BALB/c,LE
723,15,1186.84,64431.26,0,Polygon,+,7D,1,BALB/c,LE
724,1,1657.1,119416.48,0,Polygon,+,7D,3,BALB/c,LE
725,2,905.13,41421.43,0,Polygon,+,7D,3,BALB/c,LE
726,3,1115.11,58231.3,0,Polygon,+,7D,3,BALB/c,LE
727,4,2094.09,170307.5,0,Polygon,+,7D,3,BALB/c,LE
728,5,1166.29,44767.09,0,Polygon,+,7D,3,BALB/c,LE
729,6,1307.76,80650.61,0,Polygon,+,7D,3,BALB/c,LE
730,7,1869.7,128086.05,0,Polygon,+,7D,3,BALB/c,LE
731,8,1216.45,59292.45,0,Polygon,+,7D,3,BALB/c,LE
732,9,1610.89,102505.55,0,Polygon,+,7D,3,BALB/c,LE
733,10,1089.35,47831.8,0,Polygon,+,7D,3,BALB/c,LE
734,11,1207.1,50884.82,0,Polygon,+,7D,3,BALB/c,LE
735,12,1022.43,42609.14,0,Polygon,+,7D,3,BALB/c,LE
736,13,1314.72,64719.7,0,Polygon,+,7D,3,BALB/c,LE
737,14,1087.84,46734.35,0,Polygon,+,7D,3,BALB/c,LE
738,15,1365.04,63231.09,0,Polygon,+,7D,3,BALB/c,LE
739,16,1303.65,60834.72,0,Polygon,+,7D,3,BALB/c,LE
740,1,1198.93,56600.99,0,Polygon,+,7E,1,BALB/c,EG
741,2,1798.34,177752.37,0,Polygon,+,7E,1,BALB/c,EG
742,3,1775.67,174514.32,0,Polygon,+,7E,1,BALB/c,EG
743,4,822.15,30550.9,0,Polygon,+,7E,1,BALB/c,EG
744,5,1741.3,144465.83,0,Polygon,+,7E,1,BALB/c,EG
745,6,1055.33,49328.92,0,Polygon,+,7E,1,BALB/c,EG
746,7,1139.22,56596.38,0,Polygon,+,7E,1,BALB/c,EG
747,8,1224.08,63306.76,0,Polygon,+,7E,1,BALB/c,EG
748,9,1233.78,67494,0,Polygon,+,7E,1,BALB/c,EG
749,10,1216.27,54677.54,0,Polygon,+,7E,1,BALB/c,EG
750,11,1267.51,62077.67,0,Polygon,+,7E,1,BALB/c,EG
751,12,902.86,44750.81,0,Polygon,+,7E,1,BALB/c,EG
752,13,1175.16,58033,0,Polygon,+,7E,1,BALB/c,EG
753,1,1814.46,156645.32,0,Polygon,+,7E,3,BALB/c,EG
754,2,1244.37,61924.59,0,Polygon,+,7E,3,BALB/c,EG
755,3,993.05,56626.5,0,Polygon,+,7E,3,BALB/c,EG
756,4,1179.11,55810.19,0,Polygon,+,7E,3,BALB/c,EG
757,5,1780.45,124581.8,0,Polygon,+,7E,3,BALB/c,EG
758,6,1685.71,97451.48,0,Polygon,+,7E,3,BALB/c,EG
759,7,1468.65,90832.11,0,Polygon,+,7E,3,BALB/c,EG
760,8,1638.73,106459.33,0,Polygon,+,7E,3,BALB/c,EG
761,9,1752,113022.97,0,Polygon,+,7E,3,BALB/c,EG
762,10,1194.64,53716.34,0,Polygon,+,7E,3,BALB/c,EG
763,11,1457.32,67132.61,0,Polygon,+,7E,3,BALB/c,EG
764,12,1887.81,169847.51,0,Polygon,+,7E,3,BALB/c,EG
765,13,1342.08,76833.87,0,Polygon,+,7E,3,BALB/c,EG
766,14,1021.49,62079.05,0,Polygon,+,7E,3,BALB/c,EG
767,1,1040.55,39046.24,0,Polygon,+,7F,1,BALB/c,OR
768,2,1420.77,81083.32,0,Polygon,+,7F,1,BALB/c,OR
769,3,1292.66,62110.08,0,Polygon,+,7F,1,BALB/c,OR
770,4,1738.49,96583.75,0,Polygon,+,7F,1,BALB/c,OR
771,5,1348.93,54738.72,0,Polygon,+,7F,1,BALB/c,OR
772,6,1396.66,64008.67,0,Polygon,+,7F,1,BALB/c,OR
773,7,2112.08,155556.66,0,Polygon,+,7F,1,BALB/c,OR
774,8,1257.41,86378.16,0,Polygon,+,7F,1,BALB/c,OR
775,9,2615.16,252353.42,0,Polygon,+,7F,1,BALB/c,OR
776,10,955.69,45124.37,0,Polygon,+,7F,1,BALB/c,OR
777,11,1562.86,80398.1,0,Polygon,+,7F,1,BALB/c,OR
778,12,1788.78,101847.82,0,Polygon,+,7F,1,BALB/c,OR
779,13,1514.45,63261.5,0,Polygon,+,7F,1,BALB/c,OR
780,14,1587.77,100906.56,0,Polygon,+,7F,1,BALB/c,OR
781,15,1056.36,55264.9,0,Polygon,+,7F,1,BALB/c,OR
782,16,1162.07,58868.73,0,Polygon,+,7F,1,BALB/c,OR
783,1,1417.17,88859.1,0,Polygon,+,7F,3,BALB/c,OR
784,2,1089.01,46923.44,0,Polygon,+,7F,3,BALB/c,OR
785,3,1006.75,46888.86,0,Polygon,+,7F,3,BALB/c,OR
786,4,1451.15,87818.52,0,Polygon,+,7F,3,BALB/c,OR
787,5,1353.36,79084.15,0,Polygon,+,7F,3,BALB/c,OR
788,6,1126.83,51442.45,0,Polygon,+,7F,3,BALB/c,OR
789,7,1047.35,37930.56,0,Polygon,+,7F,3,BALB/c,OR
790,8,1579.08,70408.02,0,Polygon,+,7F,3,BALB/c,OR
791,9,1949.38,135869.96,0,Polygon,+,7F,3,BALB/c,OR
792,10,1668.89,123843.88,0,Polygon,+,7F,3,BALB/c,OR
793,11,911.7,40701.22,0,Polygon,+,7F,3,BALB/c,OR
794,1,926.18,43249.37,0,Polygon,+,7G,1,BALB/c,BRE
795,2,1396.64,56951.57,0,Polygon,+,7G,1,BALB/c,BRE
796,3,1108.82,58748.64,0,Polygon,+,7G,1,BALB/c,BRE
797,4,1376.21,74176.41,0,Polygon,+,7G,1,BALB/c,BRE
798,5,1600.22,90028.12,0,Polygon,+,7G,1,BALB/c,BRE
799,6,862.58,29371.05,0,Polygon,+,7G,1,BALB/c,BRE
800,7,1832.59,87529.07,0,Polygon,+,7G,1,BALB/c,BRE
801,8,1653.22,127821.39,0,Polygon,+,7G,1,BALB/c,BRE
802,9,1766.21,108062.83,0,Polygon,+,7G,1,BALB/c,BRE
803,10,1809.09,92085.21,0,Polygon,+,7G,1,BALB/c,BRE
804,11,1467.3,91589.32,0,Polygon,+,7G,1,BALB/c,BRE
805,12,1616.86,92747.58,0,Polygon,+,7G,1,BALB/c,BRE
806,1,1651.17,63714.83,0,Polygon,+,7G,3,BALB/c,BRE
807,2,2003.3,121408.32,0,Polygon,+,7G,3,BALB/c,BRE
808,3,2142.81,181134.6,0,Polygon,+,7G,3,BALB/c,BRE
809,4,1689.07,77576.29,0,Polygon,+,7G,3,BALB/c,BRE
810,5,1229.41,64046.08,0,Polygon,+,7G,3,BALB/c,BRE
811,6,1056.78,27576.4,0,Polygon,+,7G,3,BALB/c,BRE
812,7,1418.26,88799.97,0,Polygon,+,7G,3,BALB/c,BRE
813,8,1919.24,148780.54,0,Polygon,+,7G,3,BALB/c,BRE
814,9,1745.08,68129.57,0,Polygon,+,7G,3,BALB/c,BRE
815,10,2116.97,176099.41,0,Polygon,+,7G,3,BALB/c,BRE
816,1,2076.78,144138.98,0,Polygon,+,8D,1,C57BL/6,LE
817,2,1262.38,58014.07,0,Polygon,+,8D,1,C57BL/6,LE
818,3,2114.17,129893.05,0,Polygon,+,8D,1,C57BL/6,LE
819,4,1493.32,79554.34,0,Polygon,+,8D,1,C57BL/6,LE
820,5,1233.05,63667.55,0,Polygon,+,8D,1,C57BL/6,LE
821,6,1366.31,69053.78,0,Polygon,+,8D,1,C57BL/6,LE
822,7,977.92,48889.14,0,Polygon,+,8D,1,C57BL/6,LE
823,8,1880.89,92985.57,0,Polygon,+,8D,1,C57BL/6,LE
824,9,1462.34,79029.34,0,Polygon,+,8D,1,C57BL/6,LE
825,10,1324.09,61143.2,0,Polygon,+,8D,1,C57BL/6,LE
826,11,1139.28,49811.63,0,Polygon,+,8D,1,C57BL/6,LE
827,12,1418.43,102834.02,0,Polygon,+,8D,1,C57BL/6,LE
828,13,1242.19,70530.6,0,Polygon,+,8D,1,C57BL/6,LE
829,14,1537.64,109784.8,0,Polygon,+,8D,1,C57BL/6,LE
830,15,1252,60324.62,0,Polygon,+,8D,1,C57BL/6,LE
831,16,1462.22,102308.24,0,Polygon,+,8D,1,C57BL/6,LE
832,17,1054.88,39031.12,0,Polygon,+,8D,1,C57BL/6,LE
833,18,1083.9,46215.16,0,Polygon,+,8D,1,C57BL/6,LE
834,19,1443.07,72305.94,0,Polygon,+,8D,1,C57BL/6,LE
835,20,1863.24,110250.17,0,Polygon,+,8D,1,C57BL/6,LE
836,21,1815.74,110795.87,0,Polygon,+,8D,1,C57BL/6,LE
837,22,1953.44,98589.8,0,Polygon,+,8D,1,C57BL/6,LE
838,23,1234.94,49387.98,0,Polygon,+,8D,1,C57BL/6,LE
839,1,1294.56,67386.83,0,Polygon,+,8D,3,C57BL/6,LE
840,2,1408.44,76431.8,0,Polygon,+,8D,3,C57BL/6,LE
841,3,1784.42,128376.2,0,Polygon,+,8D,3,C57BL/6,LE
842,4,957.14,45694.09,0,Polygon,+,8D,3,C57BL/6,LE
843,5,1498.05,83975.78,0,Polygon,+,8D,3,C57BL/6,LE
844,6,1001.81,40530.53,0,Polygon,+,8D,3,C57BL/6,LE
845,7,1121.57,54472.82,0,Polygon,+,8D,3,C57BL/6,LE
846,8,1416.06,70605.45,0,Polygon,+,8D,3,C57BL/6,LE
847,9,1521.24,91638.34,0,Polygon,+,8D,3,C57BL/6,LE
848,10,1678.65,81123.6,0,Polygon,+,8D,3,C57BL/6,LE
849,11,1345.97,61291.6,0,Polygon,+,8D,3,C57BL/6,LE
850,12,1273.38,55895.29,0,Polygon,+,8D,3,C57BL/6,LE
851,13,1563.96,98784.65,0,Polygon,+,8D,3,C57BL/6,LE
852,14,1297.86,56349.25,0,Polygon,+,8D,3,C57BL/6,LE
853,15,1212.42,47196.16,0,Polygon,+,8D,3,C57BL/6,LE
854,16,1367.65,58631.03,0,Polygon,+,8D,3,C57BL/6,LE
855,17,974.82,35788.77,0,Polygon,+,8D,3,C57BL/6,LE
856,18,1462.66,64877.34,0,Polygon,+,8D,3,C57BL/6,LE
857,19,1173.23,53093.02,0,Polygon,+,8D,3,C57BL/6,LE
858,20,1890.4,105703.35,0,Polygon,+,8D,3,C57BL/6,LE
859,21,1477.07,79152.95,0,Polygon,+,8D,3,C57BL/6,LE
860,1,1061.52,61880.46,0,Polygon,+,8E,1,C57BL/6,EG
861,2,1294.02,78548.51,0,Polygon,+,8E,1,C57BL/6,EG
862,3,1593.7,95149.3,0,Polygon,+,8E,1,C57BL/6,EG
863,4,1222.79,60527.4,0,Polygon,+,8E,1,C57BL/6,EG
864,5,1347.77,76818.07,0,Polygon,+,8E,1,C57BL/6,EG
865,6,1054.26,52158.52,0,Polygon,+,8E,1,C57BL/6,EG
866,7,1484.82,85594.83,0,Polygon,+,8E,1,C57BL/6,EG
867,8,1056,47241.42,0,Polygon,+,8E,1,C57BL/6,EG
868,9,1496.78,104167.89,0,Polygon,+,8E,1,C57BL/6,EG
869,10,1499.08,93488.53,0,Polygon,+,8E,1,C57BL/6,EG
870,11,1521.91,82596.85,0,Polygon,+,8E,1,C57BL/6,EG
871,12,1292.21,70285.85,0,Polygon,+,8E,1,C57BL/6,EG
872,13,1792.69,120930.85,0,Polygon,+,8E,1,C57BL/6,EG
873,14,1490.83,88440.83,0,Polygon,+,8E,1,C57BL/6,EG
874,15,1545.79,90616.79,0,Polygon,+,8E,1,C57BL/6,EG
875,16,1476.51,89668.49,0,Polygon,+,8E,1,C57BL/6,EG
876,17,1246.78,75517.46,0,Polygon,+,8E,1,C57BL/6,EG
877,18,1160.18,58685.6,0,Polygon,+,8E,1,C57BL/6,EG
878,1,1378.27,90531.27,0,Polygon,+,8E,3,C57BL/6,EG
879,2,1035.61,52028.51,0,Polygon,+,8E,3,C57BL/6,EG
880,3,868.22,35075.74,0,Polygon,+,8E,3,C57BL/6,EG
881,4,1237.29,49691.47,0,Polygon,+,8E,3,C57BL/6,EG
882,5,1368.23,64411.97,0,Polygon,+,8E,3,C57BL/6,EG
883,6,1478.79,80312.8,0,Polygon,+,8E,3,C57BL/6,EG
884,7,1202.85,64168.17,0,Polygon,+,8E,3,C57BL/6,EG
885,8,1581.75,95607.7,0,Polygon,+,8E,3,C57BL/6,EG
886,9,1136.55,54210.48,0,Polygon,+,8E,3,C57BL/6,EG
887,10,1536.14,99350.96,0,Polygon,+,8E,3,C57BL/6,EG
888,11,1193.22,64270.8,0,Polygon,+,8E,3,C57BL/6,EG
889,12,1149.68,59465.16,0,Polygon,+,8E,3,C57BL/6,EG
890,13,1122.45,57969.53,0,Polygon,+,8E,3,C57BL/6,EG
891,14,1756.68,107561.26,0,Polygon,+,8E,3,C57BL/6,EG
892,15,1413.03,74933.11,0,Polygon,+,8E,3,C57BL/6,EG
893,16,855.15,32812.51,0,Polygon,+,8E,3,C57BL/6,EG
894,1,1045.89,49382.05,0,Polygon,+,8F,1,C57BL/6,OR
895,2,1180.51,72011.69,0,Polygon,+,8F,1,C57BL/6,OR
896,3,1923.47,105339.58,0,Polygon,+,8F,1,C57BL/6,OR
897,4,1836.3,135570.11,0,Polygon,+,8F,1,C57BL/6,OR
898,5,1597.07,78414.46,0,Polygon,+,8F,1,C57BL/6,OR
899,6,1448.54,84781.54,0,Polygon,+,8F,1,C57BL/6,OR
900,7,742.26,28849.13,0,Polygon,+,8F,1,C57BL/6,OR
901,8,1523.03,94496.99,0,Polygon,+,8F,1,C57BL/6,OR
902,9,1569.39,114379.65,0,Polygon,+,8F,1,C57BL/6,OR
903,10,881.53,33899.54,0,Polygon,+,8F,1,C57BL/6,OR
904,11,1961.39,128267.42,0,Polygon,+,8F,1,C57BL/6,OR
905,12,1192.75,61294.37,0,Polygon,+,8F,1,C57BL/6,OR
906,13,1632.89,112345.58,0,Polygon,+,8F,1,C57BL/6,OR
907,14,2775.25,254708.62,0,Polygon,+,8F,1,C57BL/6,OR
908,15,1236.11,75883.21,0,Polygon,+,8F,1,C57BL/6,OR
909,16,1395.18,80860.41,0,Polygon,+,8F,1,C57BL/6,OR
910,1,1693.67,118838.13,0,Polygon,+,8F,3,C57BL/6,OR
911,2,1592.23,108169.68,0,Polygon,+,8F,3,C57BL/6,OR
912,3,1904.98,132064.26,0,Polygon,+,8F,3,C57BL/6,OR
913,4,1505.65,100587.35,0,Polygon,+,8F,3,C57BL/6,OR
914,5,1131.2,62219.08,0,Polygon,+,8F,3,C57BL/6,OR
915,6,1653.43,101854.66,0,Polygon,+,8F,3,C57BL/6,OR
916,7,1903.84,146770.64,0,Polygon,+,8F,3,C57BL/6,OR
917,8,1459.63,104304.26,0,Polygon,+,8F,3,C57BL/6,OR
918,9,1483.59,79095.17,0,Polygon,+,8F,3,C57BL/6,OR
919,10,1260.29,82376.07,0,Polygon,+,8F,3,C57BL/6,OR
920,11,1218.54,70469.37,0,Polygon,+,8F,3,C57BL/6,OR
921,12,1026.85,41677.75,0,Polygon,+,8F,3,C57BL/6,OR
922,13,995.65,42837.41,0,Polygon,+,8F,3,C57BL/6,OR
923,14,1456.45,85623.56,0,Polygon,+,8F,3,C57BL/6,OR
924,1,1464.33,71930.85,0,Polygon,+,8G,1,C57BL/6,BRE
925,2,668.97,23327.3,0,Polygon,+,8G,1,C57BL/6,BRE
926,3,874.76,18027.26,0,Polygon,+,8G,1,C57BL/6,BRE
927,4,2099.98,116195.31,0,Polygon,+,8G,1,C57BL/6,BRE
928,5,1144.22,49949.57,0,Polygon,+,8G,1,C57BL/6,BRE
929,6,1192.17,35755.42,0,Polygon,+,8G,1,C57BL/6,BRE
930,7,1942.41,141300,0,Polygon,+,8G,1,C57BL/6,BRE
931,8,794.06,16457.84,0,Polygon,+,8G,1,C57BL/6,BRE
932,9,2088.24,152117.39,0,Polygon,+,8G,1,C57BL/6,BRE
933,10,1747.95,78734.75,0,Polygon,+,8G,1,C57BL/6,BRE
934,11,907.31,21199.94,0,Polygon,+,8G,1,C57BL/6,BRE
935,12,1590.02,85555.07,0,Polygon,+,8G,1,C57BL/6,BRE
936,13,1903.43,95540.85,0,Polygon,+,8G,1,C57BL/6,BRE
937,14,2158.42,113680.25,0,Polygon,+,8G,1,C57BL/6,BRE
938,1,1986.95,165225.16,0,Polygon,+,8G,3,C57BL/6,BRE
939,2,1828.26,147574.72,0,Polygon,+,8G,3,C57BL/6,BRE
940,3,2201.52,212024.1,0,Polygon,+,8G,3,C57BL/6,BRE
941,4,2451.38,245692.3,0,Polygon,+,8G,3,C57BL/6,BRE
942,5,2177.82,162009.44,0,Polygon,+,8G,3,C57BL/6,BRE
943,6,1538.35,110364.26,0,Polygon,+,8G,3,C57BL/6,BRE
944,7,2112.03,171881.33,0,Polygon,+,8G,3,C57BL/6,BRE
945,8,1540.88,97311.47,0,Polygon,+,8G,3,C57BL/6,BRE
946,9,790.67,26873.78,0,Polygon,+,8G,3,C57BL/6,BRE
947,10,791.71,15859.06,0,Polygon,+,8G,3,C57BL/6,BRE
948,11,1053.14,23100,0,Polygon,+,8G,3,C57BL/6,BRE
949,1,1439.3,103998.41,0,Polygon,+,9D,1,BALB/c,LE
950,2,967.15,48133.74,0,Polygon,+,9D,1,BALB/c,LE
951,3,1000.24,58082.82,0,Polygon,+,9D,1,BALB/c,LE
952,4,684.26,20571.24,0,Polygon,+,9D,1,BALB/c,LE
953,5,1479.24,83408,0,Polygon,+,9D,1,BALB/c,LE
954,6,1518.86,47841.08,0,Polygon,+,9D,1,BALB/c,LE
955,7,1253.48,67344.66,0,Polygon,+,9D,1,BALB/c,LE
956,8,1573.78,115939.93,0,Polygon,+,9D,1,BALB/c,LE
957,9,1057.86,54431.59,0,Polygon,+,9D,1,BALB/c,LE
958,10,1278.39,81535.72,0,Polygon,+,9D,1,BALB/c,LE
959,11,1199.8,75328.28,0,Polygon,+,9D,1,BALB/c,LE
960,12,904.1,34787.45,0,Polygon,+,9D,1,BALB/c,LE
961,13,1150.33,64020.97,0,Polygon,+,9D,1,BALB/c,LE
962,14,1077.8,42445.98,0,Polygon,+,9D,1,BALB/c,LE
963,15,1543.57,95754.73,0,Polygon,+,9D,1,BALB/c,LE
964,1,1372.71,73244.51,0,Polygon,+,9D,3,BALB/c,LE
965,2,1053.19,45866.19,0,Polygon,+,9D,3,BALB/c,LE
966,3,1447.94,73722.13,0,Polygon,+,9D,3,BALB/c,LE
967,4,1506.44,70870.76,0,Polygon,+,9D,3,BALB/c,LE
968,5,1129.98,47231.58,0,Polygon,+,9D,3,BALB/c,LE
969,6,912.45,36810.5,0,Polygon,+,9D,3,BALB/c,LE
970,7,1340.95,86960.65,0,Polygon,+,9D,3,BALB/c,LE
971,8,1068.07,47639,0,Polygon,+,9D,3,BALB/c,LE
972,9,654.97,21835.44,0,Polygon,+,9D,3,BALB/c,LE
973,10,1168.61,71616.66,0,Polygon,+,9D,3,BALB/c,LE
974,11,892.6,35273.05,0,Polygon,+,9D,3,BALB/c,LE
975,12,1203.43,73094.49,0,Polygon,+,9D,3,BALB/c,LE
976,1,1231.63,64676.13,0,Polygon,+,9E,1,BALB/c,EG
977,2,1154.88,50979.47,0,Polygon,+,9E,1,BALB/c,EG
978,3,1179.67,44143.79,0,Polygon,+,9E,1,BALB/c,EG
979,4,1378.92,58351.56,0,Polygon,+,9E,1,BALB/c,EG
980,5,1606.33,98806.01,0,Polygon,+,9E,1,BALB/c,EG
981,6,1810.61,121495.4,0,Polygon,+,9E,1,BALB/c,EG
982,7,1199.24,56589.24,0,Polygon,+,9E,1,BALB/c,EG
983,8,1037.27,32431.11,0,Polygon,+,9E,1,BALB/c,EG
984,9,1392.44,71817.61,0,Polygon,+,9E,1,BALB/c,EG
985,10,1517.58,65335.28,0,Polygon,+,9E,1,BALB/c,EG
986,1,1861.68,116035.55,0,Polygon,+,9E,3,BALB/c,EG
987,2,1209.54,53322.98,0,Polygon,+,9E,3,BALB/c,EG
988,3,1537.09,67046.04,0,Polygon,+,9E,3,BALB/c,EG
989,4,2338.92,223093.85,0,Polygon,+,9E,3,BALB/c,EG
990,5,1744.42,102373.11,0,Polygon,+,9E,3,BALB/c,EG
991,6,983.99,22668.1,0,Polygon,+,9E,3,BALB/c,EG
992,7,1646.94,108359.78,0,Polygon,+,9E,3,BALB/c,EG
993,8,1860.86,99678.66,0,Polygon,+,9E,3,BALB/c,EG
994,9,1467.37,54932.67,0,Polygon,+,9E,3,BALB/c,EG
995,10,667.34,10706.15,0,Polygon,+,9E,3,BALB/c,EG
996,1,1477.39,57660.5,0,Polygon,+,9F,1,BALB/c,OR
997,2,2547.35,154129.63,0,Polygon,+,9F,1,BALB/c,OR
998,3,1705.33,64703.93,0,Polygon,+,9F,1,BALB/c,OR
999,4,1368.69,62178.93,0,Polygon,+,9F,1,BALB/c,OR
1000,5,1143.1,42202.3,0,Polygon,+,9F,1,BALB/c,OR
1001,6,1686.87,96722.12,0,Polygon,+,9F,1,BALB/c,OR
1002,7,2286.35,152531.18,0,Polygon,+,9F,1,BALB/c,OR
1003,1,1547.05,79430.83,0,Polygon,+,9F,3,BALB/c,OR
1004,2,1257.93,44451.76,0,Polygon,+,9F,3,BALB/c,OR
1005,3,1207.35,66184.88,0,Polygon,+,9F,3,BALB/c,OR
1006,4,1120.85,40469.04,0,Polygon,+,9F,3,BALB/c,OR
1007,5,1413.89,73183.79,0,Polygon,+,9F,3,BALB/c,OR
1008,6,1590.92,65526.47,0,Polygon,+,9F,3,BALB/c,OR
1009,7,1780.45,107123.75,0,Polygon,+,9F,3,BALB/c,OR
1010,8,1262.29,61162.78,0,Polygon,+,9F,3,BALB/c,OR
1011,9,1699.39,65187.84,0,Polygon,+,9F,3,BALB/c,OR
1012,1,2003.81,159928.71,0,Polygon,+,9G,1,BALB/c,BRE
1013,2,1718.47,126751.99,0,Polygon,+,9G,1,BALB/c,BRE
1014,3,919.42,40831.34,0,Polygon,+,9G,1,BALB/c,BRE
1015,4,1392.59,70855.42,0,Polygon,+,9G,1,BALB/c,BRE
1016,5,1285.23,59593.43,0,Polygon,+,9G,1,BALB/c,BRE
1017,6,1642.39,115686.34,0,Polygon,+,9G,1,BALB/c,BRE
1018,7,1296.54,75654.84,0,Polygon,+,9G,1,BALB/c,BRE
1019,8,961.36,49183.13,0,Polygon,+,9G,1,BALB/c,BRE
1020,9,1427.62,100551.06,0,Polygon,+,9G,1,BALB/c,BRE
1021,10,1196.47,95153.06,0,Polygon,+,9G,1,BALB/c,BRE
1022,11,1482.57,98767.89,0,Polygon,+,9G,1,BALB/c,BRE
1023,12,1729.17,145637.69,0,Polygon,+,9G,1,BALB/c,BRE
1024,13,1840.66,157659.77,0,Polygon,+,9G,1,BALB/c,BRE
1025,1,1037.36,50864.01,0,Polygon,+,9G,1,BALB/c,BRE
1026,2,1166.52,43877.25,0,Polygon,+,9G,1,BALB/c,BRE
1027,3,1176.93,54922.74,0,Polygon,+,9G,1,BALB/c,BRE
1028,4,1547.12,109955.05,0,Polygon,+,9G,1,BALB/c,BRE
1029,5,1719.7,122610.28,0,Polygon,+,9G,1,BALB/c,BRE
1030,6,1426.86,77823.71,0,Polygon,+,9G,1,BALB/c,BRE
1031,7,2028.96,149004.74,0,Polygon,+,9G,1,BALB/c,BRE
1032,8,1391.58,92554.59,0,Polygon,+,9G,1,BALB/c,BRE
1033,9,1836.05,122648.26,0,Polygon,+,9G,1,BALB/c,BRE
1034,10,1456.44,93768.17,0,Polygon,+,9G,1,BALB/c,BRE
1035,11,870.8,35609.33,0,Polygon,+,9G,1,BALB/c,BRE
1036,12,1983.05,124797.29,0,Polygon,+,9G,1,BALB/c,BRE
